NUTS2;YEAR;SEX;RANKING_REF_YEAR;GIVEN_NAME;NUMBER;;;;;;
AT31;2018;1;1;Lukas;281;;;;;;
AT31;2018;1;2;Paul;184;;;;;;
AT31;2018;1;3;Jakob;182;;;;;;
AT31;2018;1;4;Jonas;177;;;;;;
AT31;2018;1;5;David;173;;;;;;
AT31;2018;1;6;Elias;168;;;;;;
AT31;2018;1;7;Alexander;163;;;;;;
AT31;2018;1;8;Felix;157;;;;;;
AT31;2018;1;9;Tobias;146;;;;;;
AT31;2018;1;10;Maximilian;132;;;;;;
AT31;2018;1;11;Simon;122;;;;;;
AT31;2018;1;12;Fabian;117;;;;;;
AT31;2018;1;13;Matteo;116;;;;;;
AT31;2018;1;14;Julian;110;;;;;;
AT31;2018;1;14;Leon;110;;;;;;
AT31;2018;1;16;Johannes;108;;;;;;
AT31;2018;1;16;Moritz;108;;;;;;
AT31;2018;1;18;Anton;104;;;;;;
AT31;2018;1;19;Raphael;102;;;;;;
AT31;2018;1;20;Matthias;101;;;;;;
AT31;2018;1;21;Noah;99;;;;;;
AT31;2018;1;22;Michael;92;;;;;;
AT31;2018;1;22;Niklas;92;;;;;;
AT31;2018;1;24;Emil;85;;;;;;
AT31;2018;1;24;Florian;85;;;;;;
AT31;2018;1;24;Philipp;85;;;;;;
AT31;2018;1;27;Lorenz;84;;;;;;
AT31;2018;1;28;Benjamin;83;;;;;;
AT31;2018;1;29;Sebastian;82;;;;;;
AT31;2018;1;30;Samuel;78;;;;;;
AT31;2018;1;31;Leo;77;;;;;;
AT31;2018;1;31;Luis;77;;;;;;
AT31;2018;1;33;Josef;76;;;;;;
AT31;2018;1;33;Valentin;76;;;;;;
AT31;2018;1;35;Daniel;71;;;;;;
AT31;2018;1;36;Dominik;68;;;;;;
AT31;2018;1;37;Gabriel;62;;;;;;
AT31;2018;1;38;Theo;61;;;;;;
AT31;2018;1;39;Ben;60;;;;;;
AT31;2018;1;40;Markus;57;;;;;;
AT31;2018;1;41;Jonathan;54;;;;;;
AT31;2018;1;42;Leonhard;52;;;;;;
AT31;2018;1;43;Vincent;49;;;;;;
AT31;2018;1;44;Liam;46;;;;;;
AT31;2018;1;45;Jan;44;;;;;;
AT31;2018;1;45;Manuel;44;;;;;;
AT31;2018;1;47;Andreas;43;;;;;;
AT31;2018;1;47;Konstantin;43;;;;;;
AT31;2018;1;49;Finn;42;;;;;;
AT31;2018;1;50;Muhammed;41;;;;;;
AT31;2018;1;50;Theodor;41;;;;;;
AT31;2018;1;52;Marcel;40;;;;;;
AT31;2018;1;53;Benedikt;39;;;;;;
AT31;2018;1;53;Nico;39;;;;;;
AT31;2018;1;55;Aaron;37;;;;;;
AT31;2018;1;56;Viktor;35;;;;;;
AT31;2018;1;57;Oskar;34;;;;;;
AT31;2018;1;58;Erik;31;;;;;;
AT31;2018;1;58;Jannik;31;;;;;;
AT31;2018;1;58;Thomas;31;;;;;;
AT31;2018;1;58;Tim;31;;;;;;
AT31;2018;1;58;Xaver;31;;;;;;
AT31;2018;2;1;Anna;391;;;;;;
AT31;2018;2;2;Maria;245;;;;;;
AT31;2018;2;3;Sophie;234;;;;;;
AT31;2018;2;4;Emilia;186;;;;;;
AT31;2018;2;5;Elena;179;;;;;;
AT31;2018;2;6;Emma;145;;;;;;
AT31;2018;2;7;Sarah;143;;;;;;
AT31;2018;2;8;Lena;131;;;;;;
AT31;2018;2;9;Luisa;130;;;;;;
AT31;2018;2;10;Laura;121;;;;;;
AT31;2018;2;11;Mia;120;;;;;;
AT31;2018;2;12;Marlene;114;;;;;;
AT31;2018;2;13;Johanna;109;;;;;;
AT31;2018;2;14;Valentina;104;;;;;;
AT31;2018;2;15;Katharina;100;;;;;;
AT31;2018;2;16;Magdalena;95;;;;;;
AT31;2018;2;17;Chiara;93;;;;;;
AT31;2018;2;18;Lara;89;;;;;;
AT31;2018;2;19;Julia;87;;;;;;
AT31;2018;2;20;Lea;84;;;;;;
AT31;2018;2;20;Leonie;84;;;;;;
AT31;2018;2;22;Amelie;83;;;;;;
AT31;2018;2;23;Lina;75;;;;;;
AT31;2018;2;24;Isabella;71;;;;;;
AT31;2018;2;25;Theresa;70;;;;;;
AT31;2018;2;26;Nora;69;;;;;;
AT31;2018;2;27;Viktoria;66;;;;;;
AT31;2018;2;28;Elisa;64;;;;;;
AT31;2018;2;29;Annika;58;;;;;;
AT31;2018;2;29;Caroline;58;;;;;;
AT31;2018;2;31;Valerie;54;;;;;;
AT31;2018;2;32;Ella;53;;;;;;
AT31;2018;2;32;Paulina;53;;;;;;
AT31;2018;2;34;Franziska;51;;;;;;
AT31;2018;2;35;Lisa;50;;;;;;
AT31;2018;2;36;Olivia;46;;;;;;
AT31;2018;2;37;Paula;43;;;;;;
AT31;2018;2;38;Rosa;42;;;;;;
AT31;2018;2;39;Eva;40;;;;;;
AT31;2018;2;39;Mila;40;;;;;;
AT31;2018;2;41;Maja;39;;;;;;
AT31;2018;2;41;Nina;39;;;;;;
AT31;2018;2;43;Charlotte;37;;;;;;
AT31;2018;2;44;Antonia;36;;;;;;
AT31;2018;2;45;Linda;35;;;;;;
AT31;2018;2;46;Lejla;34;;;;;;
AT31;2018;2;47;Frida;32;;;;;;
AT31;2018;2;47;Matilda;32;;;;;;
AT31;2018;2;49;Greta;31;;;;;;
AT31;2018;2;50;Rosalie;30;;;;;;
AT31;2018;2;51;Anja;29;;;;;;
AT31;2018;2;52;Anna-Lena;27;;;;;;
AT31;2018;2;52;Florentina;27;;;;;;
AT31;2018;2;52;Ida;27;;;;;;
AT31;2018;2;55;Alexandra;26;;;;;;
AT31;2018;2;55;Lilly;26;;;;;;
AT31;2018;2;55;Melina;26;;;;;;
AT31;2018;2;58;Alina;25;;;;;;
AT31;2018;2;59;Elisabeth;24;;;;;;
AT31;2018;2;59;Mona;24;;;;;;
AT31;2017;1;1;Lukas;293;;;;;;
AT31;2017;1;2;Elias;191;;;;;;
AT31;2017;1;3;Jakob;189;;;;;;
AT31;2017;1;4;Alexander;183;;;;;;
AT31;2017;1;5;David;181;;;;;;
AT31;2017;1;6;Jonas;171;;;;;;
AT31;2017;1;7;Paul;168;;;;;;
AT31;2017;1;8;Tobias;167;;;;;;
AT31;2017;1;9;Felix;163;;;;;;
AT31;2017;1;10;Maximilian;158;;;;;;
AT31;2017;1;11;Simon;126;;;;;;
AT31;2017;1;12;Lorenz;123;;;;;;
AT31;2017;1;13;Leon;122;;;;;;
AT31;2017;1;14;Fabian;118;;;;;;
AT31;2017;1;15;Matteo;114;;;;;;
AT31;2017;1;16;Niklas;112;;;;;;
AT31;2017;1;17;Moritz;106;;;;;;
AT31;2017;1;18;Johannes;103;;;;;;
AT31;2017;1;18;Raphael;103;;;;;;
AT31;2017;1;20;Sebastian;102;;;;;;
AT31;2017;1;21;Florian;100;;;;;;
AT31;2017;1;22;Julian;95;;;;;;
AT31;2017;1;23;Matthias;92;;;;;;
AT31;2017;1;24;Noah;90;;;;;;
AT31;2017;1;25;Anton;86;;;;;;
AT31;2017;1;26;Valentin;82;;;;;;
AT31;2017;1;27;Daniel;79;;;;;;
AT31;2017;1;28;Philipp;78;;;;;;
AT31;2017;1;29;Dominik;76;;;;;;
AT31;2017;1;29;Samuel;76;;;;;;
AT31;2017;1;31;Benjamin;73;;;;;;
AT31;2017;1;32;Luis;70;;;;;;
AT31;2017;1;32;Michael;70;;;;;;
AT31;2017;1;34;Emil;69;;;;;;
AT31;2017;1;35;Leo;66;;;;;;
AT31;2017;1;35;Leonhard;66;;;;;;
AT31;2017;1;37;Nico;62;;;;;;
AT31;2017;1;38;Markus;59;;;;;;
AT31;2017;1;39;Gabriel;57;;;;;;
AT31;2017;1;40;Josef;56;;;;;;
AT31;2017;1;41;Andreas;55;;;;;;
AT31;2017;1;42;Ben;54;;;;;;
AT31;2017;1;43;Konstantin;52;;;;;;
AT31;2017;1;44;Jan;50;;;;;;
AT31;2017;1;44;Theodor;50;;;;;;
AT31;2017;1;46;Finn;49;;;;;;
AT31;2017;1;47;Theo;44;;;;;;
AT31;2017;1;48;Manuel;40;;;;;;
AT31;2017;1;49;Benedikt;38;;;;;;
AT31;2017;1;49;Oskar;38;;;;;;
AT31;2017;1;51;Muhammed;37;;;;;;
AT31;2017;1;52;Adrian;35;;;;;;
AT31;2017;1;53;Adam;34;;;;;;
AT31;2017;1;53;Emir;34;;;;;;
AT31;2017;1;53;Erik;34;;;;;;
AT31;2017;1;53;Jonathan;34;;;;;;
AT31;2017;1;53;Liam;34;;;;;;
AT31;2017;1;53;Marcel;34;;;;;;
AT31;2017;1;53;Xaver;34;;;;;;
AT31;2017;1;60;Max;32;;;;;;
AT31;2017;2;1;Anna;454;;;;;;
AT31;2017;2;2;Maria;280;;;;;;
AT31;2017;2;3;Sophie;279;;;;;;
AT31;2017;2;4;Emilia;196;;;;;;
AT31;2017;2;5;Elena;188;;;;;;
AT31;2017;2;6;Lena;167;;;;;;
AT31;2017;2;7;Emma;143;;;;;;
AT31;2017;2;8;Laura;133;;;;;;
AT31;2017;2;9;Magdalena;123;;;;;;
AT31;2017;2;10;Lara;110;;;;;;
AT31;2017;2;10;Luisa;110;;;;;;
AT31;2017;2;10;Sarah;110;;;;;;
AT31;2017;2;13;Julia;109;;;;;;
AT31;2017;2;14;Lea;105;;;;;;
AT31;2017;2;15;Mia;103;;;;;;
AT31;2017;2;16;Johanna;99;;;;;;
AT31;2017;2;16;Valentina;99;;;;;;
AT31;2017;2;18;Katharina;97;;;;;;
AT31;2017;2;19;Marlene;93;;;;;;
AT31;2017;2;20;Chiara;91;;;;;;
AT31;2017;2;21;Amelie;89;;;;;;
AT31;2017;2;22;Leonie;86;;;;;;
AT31;2017;2;23;Isabella;79;;;;;;
AT31;2017;2;24;Theresa;76;;;;;;
AT31;2017;2;25;Lina;72;;;;;;
AT31;2017;2;26;Franziska;67;;;;;;
AT31;2017;2;26;Viktoria;67;;;;;;
AT31;2017;2;28;Nora;64;;;;;;
AT31;2017;2;29;Elisa;63;;;;;;
AT31;2017;2;30;Annika;61;;;;;;
AT31;2017;2;31;Lisa;57;;;;;;
AT31;2017;2;32;Ella;51;;;;;;
AT31;2017;2;32;Eva;51;;;;;;
AT31;2017;2;34;Caroline;50;;;;;;
AT31;2017;2;35;Valerie;45;;;;;;
AT31;2017;2;36;Paulina;40;;;;;;
AT31;2017;2;37;Antonia;39;;;;;;
AT31;2017;2;38;Alina;37;;;;;;
AT31;2017;2;39;Nina;36;;;;;;
AT31;2017;2;39;Paula;36;;;;;;
AT31;2017;2;39;Rosa;36;;;;;;
AT31;2017;2;42;Anja;34;;;;;;
AT31;2017;2;43;Mila;33;;;;;;
AT31;2017;2;44;Lejla;32;;;;;;
AT31;2017;2;44;Pia;32;;;;;;
AT31;2017;2;46;Christina;31;;;;;;
AT31;2017;2;46;Ida;31;;;;;;
AT31;2017;2;48;Jasmin;30;;;;;;
AT31;2017;2;49;Josefine;29;;;;;;
AT31;2017;2;49;Maja;29;;;;;;
AT31;2017;2;51;Olivia;28;;;;;;
AT31;2017;2;52;Rosalie;27;;;;;;
AT31;2017;2;53;Linda;26;;;;;;
AT31;2017;2;53;Melina;26;;;;;;
AT31;2017;2;55;Elisabeth;25;;;;;;
AT31;2017;2;55;Greta;25;;;;;;
AT31;2017;2;55;Lilly;25;;;;;;
AT31;2017;2;55;Matilda;25;;;;;;
AT31;2017;2;55;Selina;25;;;;;;
AT31;2017;2;60;Vanessa;24;;;;;;
AT31;2017;2;60;Zoe;24;;;;;;
AT31;2016;1;1;Lukas;301;;;;;;
AT31;2016;1;2;David;241;;;;;;
AT31;2016;1;3;Jakob;183;;;;;;
AT31;2016;1;4;Elias;175;;;;;;
AT31;2016;1;5;Maximilian;173;;;;;;
AT31;2016;1;6;Paul;162;;;;;;
AT31;2016;1;7;Alexander;161;;;;;;
AT31;2016;1;8;Jonas;160;;;;;;
AT31;2016;1;9;Tobias;151;;;;;;
AT31;2016;1;10;Simon;140;;;;;;
AT31;2016;1;11;Niklas;139;;;;;;
AT31;2016;1;12;Felix;135;;;;;;
AT31;2016;1;13;Sebastian;127;;;;;;
AT31;2016;1;14;Leon;126;;;;;;
AT31;2016;1;15;Florian;113;;;;;;
AT31;2016;1;15;Raphael;113;;;;;;
AT31;2016;1;17;Lorenz;110;;;;;;
AT31;2016;1;18;Julian;109;;;;;;
AT31;2016;1;19;Fabian;104;;;;;;
AT31;2016;1;20;Johannes;101;;;;;;
AT31;2016;1;20;Michael;101;;;;;;
AT31;2016;1;22;Matthias;100;;;;;;
AT31;2016;1;23;Matteo;99;;;;;;
AT31;2016;1;24;Valentin;97;;;;;;
AT31;2016;1;25;Moritz;94;;;;;;
AT31;2016;1;26;Noah;91;;;;;;
AT31;2016;1;27;Philipp;88;;;;;;
AT31;2016;1;28;Leo;82;;;;;;
AT31;2016;1;29;Luis;79;;;;;;
AT31;2016;1;30;Daniel;78;;;;;;
AT31;2016;1;31;Josef;75;;;;;;
AT31;2016;1;32;Samuel;72;;;;;;
AT31;2016;1;33;Dominik;71;;;;;;
AT31;2016;1;34;Anton;65;;;;;;
AT31;2016;1;35;Benjamin;64;;;;;;
AT31;2016;1;36;Muhammed;62;;;;;;
AT31;2016;1;37;Leonhard;61;;;;;;
AT31;2016;1;38;Andreas;59;;;;;;
AT31;2016;1;38;Ben;59;;;;;;
AT31;2016;1;40;Markus;55;;;;;;
AT31;2016;1;41;Jonathan;54;;;;;;
AT31;2016;1;42;Jan;50;;;;;;
AT31;2016;1;43;Gabriel;48;;;;;;
AT31;2016;1;43;Nico;48;;;;;;
AT31;2016;1;43;Vincent;48;;;;;;
AT31;2016;1;46;Emil;46;;;;;;
AT31;2016;1;46;Finn;46;;;;;;
AT31;2016;1;46;Manuel;46;;;;;;
AT31;2016;1;49;Theo;37;;;;;;
AT31;2016;1;50;Christoph;36;;;;;;
AT31;2016;1;51;Benedikt;35;;;;;;
AT31;2016;1;51;Marcel;35;;;;;;
AT31;2016;1;51;Oliver;35;;;;;;
AT31;2016;1;54;Oskar;34;;;;;;
AT31;2016;1;54;Stefan;34;;;;;;
AT31;2016;1;54;Tim;34;;;;;;
AT31;2016;1;57;Max;33;;;;;;
AT31;2016;1;57;Theodor;33;;;;;;
AT31;2016;1;59;Clemens;32;;;;;;
AT31;2016;1;59;Jannik;32;;;;;;
AT31;2016;1;59;Kilian;32;;;;;;
AT31;2016;1;59;Thomas;32;;;;;;
AT31;2016;1;59;Timo;32;;;;;;
AT31;2016;2;1;Anna;468;;;;;;
AT31;2016;2;2;Sophie;270;;;;;;
AT31;2016;2;3;Maria;250;;;;;;
AT31;2016;2;4;Emilia;213;;;;;;
AT31;2016;2;5;Elena;192;;;;;;
AT31;2016;2;6;Lena;174;;;;;;
AT31;2016;2;7;Emma;156;;;;;;
AT31;2016;2;8;Sarah;154;;;;;;
AT31;2016;2;9;Laura;122;;;;;;
AT31;2016;2;10;Luisa;120;;;;;;
AT31;2016;2;11;Valentina;116;;;;;;
AT31;2016;2;12;Lea;108;;;;;;
AT31;2016;2;13;Magdalena;106;;;;;;
AT31;2016;2;13;Mia;106;;;;;;
AT31;2016;2;15;Leonie;103;;;;;;
AT31;2016;2;16;Chiara;99;;;;;;
AT31;2016;2;16;Johanna;99;;;;;;
AT31;2016;2;18;Lara;98;;;;;;
AT31;2016;2;19;Katharina;93;;;;;;
AT31;2016;2;19;Marlene;93;;;;;;
AT31;2016;2;21;Amelie;81;;;;;;
AT31;2016;2;22;Lisa;77;;;;;;
AT31;2016;2;23;Theresa;76;;;;;;
AT31;2016;2;24;Julia;73;;;;;;
AT31;2016;2;25;Annika;70;;;;;;
AT31;2016;2;26;Elisa;64;;;;;;
AT31;2016;2;27;Franziska;60;;;;;;
AT31;2016;2;27;Isabella;60;;;;;;
AT31;2016;2;29;Lina;58;;;;;;
AT31;2016;2;29;Valerie;58;;;;;;
AT31;2016;2;31;Caroline;55;;;;;;
AT31;2016;2;32;Viktoria;52;;;;;;
AT31;2016;2;33;Eva;50;;;;;;
AT31;2016;2;34;Nora;47;;;;;;
AT31;2016;2;35;Ella;40;;;;;;
AT31;2016;2;36;Alina;38;;;;;;
AT31;2016;2;37;Maja;37;;;;;;
AT31;2016;2;37;Rosa;37;;;;;;
AT31;2016;2;37;Vanessa;37;;;;;;
AT31;2016;2;40;Anja;36;;;;;;
AT31;2016;2;40;Paulina;36;;;;;;
AT31;2016;2;42;Nina;35;;;;;;
AT31;2016;2;43;Elisabeth;34;;;;;;
AT31;2016;2;44;Alice;32;;;;;;
AT31;2016;2;44;Paula;32;;;;;;
AT31;2016;2;46;Antonia;31;;;;;;
AT31;2016;2;46;Melissa;31;;;;;;
AT31;2016;2;46;Zoe;31;;;;;;
AT31;2016;2;49;Charlotte;29;;;;;;
AT31;2016;2;49;Flora;29;;;;;;
AT31;2016;2;49;Josefine;29;;;;;;
AT31;2016;2;49;Lejla;29;;;;;;
AT31;2016;2;49;Lilly;29;;;;;;
AT31;2016;2;49;Pia;29;;;;;;
AT31;2016;2;55;Amina;27;;;;;;
AT31;2016;2;55;Olivia;27;;;;;;
AT31;2016;2;55;Selina;27;;;;;;
AT31;2016;2;58;Anna-Lena;26;;;;;;
AT31;2016;2;58;Christina;26;;;;;;
AT31;2016;2;58;Lorena;26;;;;;;
AT31;2016;2;58;Mila;26;;;;;;
AT31;2015;1;1;Lukas;296;;;;;;
AT31;2015;1;2;David;225;;;;;;
AT31;2015;1;3;Jakob;196;;;;;;
AT31;2015;1;4;Jonas;170;;;;;;
AT31;2015;1;5;Maximilian;167;;;;;;
AT31;2015;1;6;Paul;159;;;;;;
AT31;2015;1;7;Tobias;157;;;;;;
AT31;2015;1;8;Elias;155;;;;;;
AT31;2015;1;9;Alexander;148;;;;;;
AT31;2015;1;10;Felix;131;;;;;;
AT31;2015;1;11;Leon;124;;;;;;
AT31;2015;1;11;Niklas;124;;;;;;
AT31;2015;1;13;Florian;122;;;;;;
AT31;2015;1;13;Simon;122;;;;;;
AT31;2015;1;15;Fabian;119;;;;;;
AT31;2015;1;15;Julian;119;;;;;;
AT31;2015;1;17;Sebastian;118;;;;;;
AT31;2015;1;18;Matthias;113;;;;;;
AT31;2015;1;18;Raphael;113;;;;;;
AT31;2015;1;20;Lorenz;110;;;;;;
AT31;2015;1;21;Moritz;109;;;;;;
AT31;2015;1;22;Michael;95;;;;;;
AT31;2015;1;23;Daniel;92;;;;;;
AT31;2015;1;24;Philipp;91;;;;;;
AT31;2015;1;25;Nico;90;;;;;;
AT31;2015;1;26;Johannes;89;;;;;;
AT31;2015;1;27;Noah;79;;;;;;
AT31;2015;1;28;Samuel;76;;;;;;
AT31;2015;1;29;Leo;73;;;;;;
AT31;2015;1;29;Valentin;73;;;;;;
AT31;2015;1;31;Dominik;69;;;;;;
AT31;2015;1;32;Benjamin;64;;;;;;
AT31;2015;1;33;Luis;62;;;;;;
AT31;2015;1;34;Anton;59;;;;;;
AT31;2015;1;35;Gabriel;58;;;;;;
AT31;2015;1;36;Matteo;57;;;;;;
AT31;2015;1;37;Leonhard;56;;;;;;
AT31;2015;1;38;Josef;55;;;;;;
AT31;2015;1;39;Markus;54;;;;;;
AT31;2015;1;40;Jonathan;53;;;;;;
AT31;2015;1;41;Emil;52;;;;;;
AT31;2015;1;42;Andreas;45;;;;;;
AT31;2015;1;42;Ben;45;;;;;;
AT31;2015;1;42;Stefan;45;;;;;;
AT31;2015;1;45;Manuel;44;;;;;;
AT31;2015;1;46;Muhammed;43;;;;;;
AT31;2015;1;47;Konstantin;41;;;;;;
AT31;2015;1;48;Thomas;40;;;;;;
AT31;2015;1;49;Jan;39;;;;;;
AT31;2015;1;49;Theodor;39;;;;;;
AT31;2015;1;51;Timo;37;;;;;;
AT31;2015;1;52;Erik;36;;;;;;
AT31;2015;1;52;Marcel;36;;;;;;
AT31;2015;1;52;Max;36;;;;;;
AT31;2015;1;52;Oliver;36;;;;;;
AT31;2015;1;56;Vincent;35;;;;;;
AT31;2015;1;57;Tim;34;;;;;;
AT31;2015;1;58;Finn;33;;;;;;
AT31;2015;1;59;Xaver;32;;;;;;
AT31;2015;1;60;Christoph;31;;;;;;
AT31;2015;2;1;Anna;494;;;;;;
AT31;2015;2;2;Sophie;241;;;;;;
AT31;2015;2;3;Maria;230;;;;;;
AT31;2015;2;4;Elena;202;;;;;;
AT31;2015;2;5;Emilia;187;;;;;;
AT31;2015;2;6;Emma;159;;;;;;
AT31;2015;2;7;Sarah;135;;;;;;
AT31;2015;2;8;Mia;133;;;;;;
AT31;2015;2;9;Lena;132;;;;;;
AT31;2015;2;10;Laura;129;;;;;;
AT31;2015;2;11;Julia;112;;;;;;
AT31;2015;2;12;Leonie;104;;;;;;
AT31;2015;2;13;Katharina;100;;;;;;
AT31;2015;2;14;Magdalena;99;;;;;;
AT31;2015;2;15;Luisa;97;;;;;;
AT31;2015;2;16;Valentina;94;;;;;;
AT31;2015;2;17;Lea;92;;;;;;
AT31;2015;2;18;Johanna;89;;;;;;
AT31;2015;2;19;Chiara;87;;;;;;
AT31;2015;2;20;Lara;82;;;;;;
AT31;2015;2;21;Marlene;77;;;;;;
AT31;2015;2;22;Theresa;76;;;;;;
AT31;2015;2;23;Amelie;74;;;;;;
AT31;2015;2;24;Annika;71;;;;;;
AT31;2015;2;25;Lisa;65;;;;;;
AT31;2015;2;26;Isabella;62;;;;;;
AT31;2015;2;27;Ella;56;;;;;;
AT31;2015;2;27;Viktoria;56;;;;;;
AT31;2015;2;29;Caroline;55;;;;;;
AT31;2015;2;30;Lina;54;;;;;;
AT31;2015;2;30;Nora;54;;;;;;
AT31;2015;2;32;Elisa;52;;;;;;
AT31;2015;2;32;Franziska;52;;;;;;
AT31;2015;2;34;Eva;50;;;;;;
AT31;2015;2;35;Alina;45;;;;;;
AT31;2015;2;35;Nina;45;;;;;;
AT31;2015;2;37;Valerie;38;;;;;;
AT31;2015;2;38;Anja;37;;;;;;
AT31;2015;2;38;Paula;37;;;;;;
AT31;2015;2;38;Selina;37;;;;;;
AT31;2015;2;41;Paulina;35;;;;;;
AT31;2015;2;42;Melina;32;;;;;;
AT31;2015;2;42;Olivia;32;;;;;;
AT31;2015;2;44;Lilly;31;;;;;;
AT31;2015;2;44;Maja;31;;;;;;
AT31;2015;2;44;Pia;31;;;;;;
AT31;2015;2;47;Jasmin;30;;;;;;
AT31;2015;2;48;Linda;28;;;;;;
AT31;2015;2;48;Rosalie;28;;;;;;
AT31;2015;2;50;Mona;27;;;;;;
AT31;2015;2;51;Juliane;25;;;;;;
AT31;2015;2;51;Lucia;25;;;;;;
AT31;2015;2;53;Alice;24;;;;;;
AT31;2015;2;53;Amina;24;;;;;;
AT31;2015;2;53;Christina;24;;;;;;
AT31;2015;2;56;Anna-Lena;23;;;;;;
AT31;2015;2;56;Ida;23;;;;;;
AT31;2015;2;56;Mila;23;;;;;;
AT31;2015;2;56;Zoe;23;;;;;;
AT31;2015;2;60;Antonia;22;;;;;;
AT31;2015;2;60;Charlotte;22;;;;;;
AT31;2015;2;60;Melissa;22;;;;;;
AT31;2015;2;60;Natalie;22;;;;;;
AT31;2015;2;60;Vanessa;22;;;;;;
AT31;2014;1;1;Lukas;286;;;;;;
AT31;2014;1;2;David;192;;;;;;
AT31;2014;1;3;Jonas;191;;;;;;
AT31;2014;1;4;Jakob;188;;;;;;
AT31;2014;1;5;Elias;177;;;;;;
AT31;2014;1;5;Tobias;177;;;;;;
AT31;2014;1;7;Maximilian;168;;;;;;
AT31;2014;1;8;Alexander;159;;;;;;
AT31;2014;1;9;Paul;155;;;;;;
AT31;2014;1;10;Simon;148;;;;;;
AT31;2014;1;11;Felix;144;;;;;;
AT31;2014;1;12;Fabian;133;;;;;;
AT31;2014;1;13;Moritz;118;;;;;;
AT31;2014;1;14;Julian;109;;;;;;
AT31;2014;1;15;Leon;107;;;;;;
AT31;2014;1;15;Sebastian;107;;;;;;
AT31;2014;1;17;Lorenz;106;;;;;;
AT31;2014;1;18;Michael;105;;;;;;
AT31;2014;1;19;Florian;104;;;;;;
AT31;2014;1;20;Raphael;94;;;;;;
AT31;2014;1;21;Niklas;91;;;;;;
AT31;2014;1;22;Matthias;90;;;;;;
AT31;2014;1;23;Noah;87;;;;;;
AT31;2014;1;23;Samuel;87;;;;;;
AT31;2014;1;25;Johannes;84;;;;;;
AT31;2014;1;26;Matteo;81;;;;;;
AT31;2014;1;27;Philipp;77;;;;;;
AT31;2014;1;28;Nico;76;;;;;;
AT31;2014;1;28;Valentin;76;;;;;;
AT31;2014;1;30;Daniel;75;;;;;;
AT31;2014;1;31;Leo;73;;;;;;
AT31;2014;1;32;Benjamin;65;;;;;;
AT31;2014;1;33;Dominik;64;;;;;;
AT31;2014;1;34;Markus;59;;;;;;
AT31;2014;1;35;Leonhard;55;;;;;;
AT31;2014;1;36;Jan;54;;;;;;
AT31;2014;1;36;Luis;54;;;;;;
AT31;2014;1;38;Emil;53;;;;;;
AT31;2014;1;39;Andreas;50;;;;;;
AT31;2014;1;39;Anton;50;;;;;;
AT31;2014;1;41;Finn;49;;;;;;
AT31;2014;1;41;Gabriel;49;;;;;;
AT31;2014;1;43;Manuel;48;;;;;;
AT31;2014;1;44;Ben;46;;;;;;
AT31;2014;1;44;Jonathan;46;;;;;;
AT31;2014;1;46;Muhammed;45;;;;;;
AT31;2014;1;47;Konstantin;43;;;;;;
AT31;2014;1;48;Josef;42;;;;;;
AT31;2014;1;48;Marcel;42;;;;;;
AT31;2014;1;48;Max;42;;;;;;
AT31;2014;1;48;Stefan;42;;;;;;
AT31;2014;1;52;Theo;41;;;;;;
AT31;2014;1;53;Oliver;39;;;;;;
AT31;2014;1;54;Christian;35;;;;;;
AT31;2014;1;54;Christoph;35;;;;;;
AT31;2014;1;56;Martin;34;;;;;;
AT31;2014;1;57;Kilian;33;;;;;;
AT31;2014;1;58;Clemens;31;;;;;;
AT31;2014;1;59;Benedikt;30;;;;;;
AT31;2014;1;59;Fabio;30;;;;;;
AT31;2014;1;59;Thomas;30;;;;;;
AT31;2014;1;59;Tim;30;;;;;;
AT31;2014;2;1;Anna;462;;;;;;
AT31;2014;2;2;Sophie;257;;;;;;
AT31;2014;2;3;Maria;229;;;;;;
AT31;2014;2;4;Emilia;189;;;;;;
AT31;2014;2;5;Elena;185;;;;;;
AT31;2014;2;6;Sarah;140;;;;;;
AT31;2014;2;7;Emma;133;;;;;;
AT31;2014;2;8;Lena;129;;;;;;
AT31;2014;2;9;Luisa;116;;;;;;
AT31;2014;2;10;Mia;115;;;;;;
AT31;2014;2;11;Valentina;111;;;;;;
AT31;2014;2;12;Julia;109;;;;;;
AT31;2014;2;12;Laura;109;;;;;;
AT31;2014;2;14;Magdalena;105;;;;;;
AT31;2014;2;15;Johanna;100;;;;;;
AT31;2014;2;15;Leonie;100;;;;;;
AT31;2014;2;17;Lea;96;;;;;;
AT31;2014;2;18;Katharina;94;;;;;;
AT31;2014;2;19;Lisa;87;;;;;;
AT31;2014;2;20;Amelie;83;;;;;;
AT31;2014;2;21;Marlene;78;;;;;;
AT31;2014;2;22;Chiara;77;;;;;;
AT31;2014;2;23;Isabella;67;;;;;;
AT31;2014;2;24;Viktoria;65;;;;;;
AT31;2014;2;25;Franziska;62;;;;;;
AT31;2014;2;26;Theresa;60;;;;;;
AT31;2014;2;27;Lara;59;;;;;;
AT31;2014;2;28;Alina;55;;;;;;
AT31;2014;2;29;Annika;53;;;;;;
AT31;2014;2;29;Nora;53;;;;;;
AT31;2014;2;31;Lina;49;;;;;;
AT31;2014;2;32;Jasmin;41;;;;;;
AT31;2014;2;33;Elisa;40;;;;;;
AT31;2014;2;33;Nina;40;;;;;;
AT31;2014;2;33;Paula;40;;;;;;
AT31;2014;2;36;Caroline;39;;;;;;
AT31;2014;2;36;Eva;39;;;;;;
AT31;2014;2;38;Anja;38;;;;;;
AT31;2014;2;39;Pia;37;;;;;;
AT31;2014;2;40;Lilly;35;;;;;;
AT31;2014;2;41;Ella;34;;;;;;
AT31;2014;2;41;Mona;34;;;;;;
AT31;2014;2;43;Valerie;31;;;;;;
AT31;2014;2;44;Anna-Lena;30;;;;;;
AT31;2014;2;45;Zoe;28;;;;;;
AT31;2014;2;46;Christina;27;;;;;;
AT31;2014;2;46;Flora;27;;;;;;
AT31;2014;2;46;Vanessa;27;;;;;;
AT31;2014;2;49;Alice;26;;;;;;
AT31;2014;2;49;Antonia;26;;;;;;
AT31;2014;2;51;Elisabeth;25;;;;;;
AT31;2014;2;51;Melina;25;;;;;;
AT31;2014;2;53;Lejla;24;;;;;;
AT31;2014;2;53;Olivia;24;;;;;;
AT31;2014;2;53;Rosa;24;;;;;;
AT31;2014;2;53;Selina;24;;;;;;
AT31;2014;2;57;Frida;23;;;;;;
AT31;2014;2;57;Josefine;23;;;;;;
AT31;2014;2;57;Larissa;23;;;;;;
AT31;2014;2;60;Amina;21;;;;;;
AT31;2014;2;60;Linda;21;;;;;;
AT31;2014;2;60;Maja;21;;;;;;
AT31;2014;2;60;Natalie;21;;;;;;
AT31;2013;1;1;Lukas;286;;;;;;
AT31;2013;1;2;Felix;191;;;;;;
AT31;2013;1;3;Tobias;173;;;;;;
AT31;2013;1;4;Elias;166;;;;;;
AT31;2013;1;5;Alexander;161;;;;;;
AT31;2013;1;6;Jonas;160;;;;;;
AT31;2013;1;7;David;159;;;;;;
AT31;2013;1;8;Simon;154;;;;;;
AT31;2013;1;9;Paul;152;;;;;;
AT31;2013;1;10;Jakob;150;;;;;;
AT31;2013;1;11;Leon;133;;;;;;
AT31;2013;1;12;Maximilian;129;;;;;;
AT31;2013;1;13;Moritz;116;;;;;;
AT31;2013;1;14;Fabian;115;;;;;;
AT31;2013;1;15;Raphael;114;;;;;;
AT31;2013;1;15;Sebastian;114;;;;;;
AT31;2013;1;17;Niklas;107;;;;;;
AT31;2013;1;18;Florian;104;;;;;;
AT31;2013;1;19;Julian;98;;;;;;
AT31;2013;1;20;Michael;94;;;;;;
AT31;2013;1;21;Matthias;84;;;;;;
AT31;2013;1;22;Lorenz;83;;;;;;
AT31;2013;1;23;Daniel;81;;;;;;
AT31;2013;1;24;Philipp;79;;;;;;
AT31;2013;1;25;Johannes;71;;;;;;
AT31;2013;1;25;Matteo;71;;;;;;
AT31;2013;1;27;Leo;70;;;;;;
AT31;2013;1;28;Nico;64;;;;;;
AT31;2013;1;28;Noah;64;;;;;;
AT31;2013;1;30;Valentin;61;;;;;;
AT31;2013;1;31;Dominik;60;;;;;;
AT31;2013;1;32;Leonhard;59;;;;;;
AT31;2013;1;33;Jan;58;;;;;;
AT31;2013;1;34;Luis;54;;;;;;
AT31;2013;1;35;Samuel;53;;;;;;
AT31;2013;1;36;Manuel;51;;;;;;
AT31;2013;1;37;Markus;50;;;;;;
AT31;2013;1;38;Andreas;49;;;;;;
AT31;2013;1;38;Benjamin;49;;;;;;
AT31;2013;1;40;Gabriel;48;;;;;;
AT31;2013;1;41;Konstantin;46;;;;;;
AT31;2013;1;42;Emil;45;;;;;;
AT31;2013;1;42;Marcel;45;;;;;;
AT31;2013;1;44;Ben;44;;;;;;
AT31;2013;1;44;Muhammed;44;;;;;;
AT31;2013;1;46;Stefan;43;;;;;;
AT31;2013;1;46;Thomas;43;;;;;;
AT31;2013;1;48;Adrian;39;;;;;;
AT31;2013;1;49;Anton;38;;;;;;
AT31;2013;1;50;Josef;37;;;;;;
AT31;2013;1;51;Erik;35;;;;;;
AT31;2013;1;51;Jonathan;35;;;;;;
AT31;2013;1;51;Timo;35;;;;;;
AT31;2013;1;54;Tim;33;;;;;;
AT31;2013;1;55;Martin;32;;;;;;
AT31;2013;1;56;Clemens;30;;;;;;
AT31;2013;1;56;Kilian;30;;;;;;
AT31;2013;1;58;Jannik;29;;;;;;
AT31;2013;1;59;Benedikt;28;;;;;;
AT31;2013;1;59;Oliver;28;;;;;;
AT31;2013;2;1;Anna;439;;;;;;
AT31;2013;2;2;Sophie;257;;;;;;
AT31;2013;2;3;Maria;213;;;;;;
AT31;2013;2;4;Emilia;186;;;;;;
AT31;2013;2;5;Elena;153;;;;;;
AT31;2013;2;5;Lena;153;;;;;;
AT31;2013;2;7;Emma;137;;;;;;
AT31;2013;2;8;Laura;135;;;;;;
AT31;2013;2;9;Sarah;134;;;;;;
AT31;2013;2;10;Luisa;105;;;;;;
AT31;2013;2;11;Isabella;104;;;;;;
AT31;2013;2;12;Leonie;103;;;;;;
AT31;2013;2;13;Julia;101;;;;;;
AT31;2013;2;13;Lea;101;;;;;;
AT31;2013;2;15;Magdalena;100;;;;;;
AT31;2013;2;16;Mia;96;;;;;;
AT31;2013;2;17;Chiara;93;;;;;;
AT31;2013;2;17;Johanna;93;;;;;;
AT31;2013;2;17;Katharina;93;;;;;;
AT31;2013;2;20;Lara;91;;;;;;
AT31;2013;2;21;Amelie;87;;;;;;
AT31;2013;2;21;Valentina;87;;;;;;
AT31;2013;2;23;Lisa;84;;;;;;
AT31;2013;2;24;Alina;75;;;;;;
AT31;2013;2;25;Marlene;67;;;;;;
AT31;2013;2;26;Viktoria;61;;;;;;
AT31;2013;2;27;Theresa;60;;;;;;
AT31;2013;2;28;Annika;57;;;;;;
AT31;2013;2;29;Caroline;52;;;;;;
AT31;2013;2;30;Franziska;50;;;;;;
AT31;2013;2;31;Nina;47;;;;;;
AT31;2013;2;32;Pia;45;;;;;;
AT31;2013;2;33;Elisa;44;;;;;;
AT31;2013;2;34;Valerie;43;;;;;;
AT31;2013;2;35;Lina;42;;;;;;
AT31;2013;2;36;Eva;41;;;;;;
AT31;2013;2;37;Nora;39;;;;;;
AT31;2013;2;38;Christina;37;;;;;;
AT31;2013;2;38;Jasmin;37;;;;;;
AT31;2013;2;40;Alice;32;;;;;;
AT31;2013;2;41;Lilly;31;;;;;;
AT31;2013;2;42;Anja;30;;;;;;
AT31;2013;2;43;Paula;29;;;;;;
AT31;2013;2;43;Paulina;29;;;;;;
AT31;2013;2;45;Elisabeth;28;;;;;;
AT31;2013;2;46;Amina;27;;;;;;
AT31;2013;2;46;Larissa;27;;;;;;
AT31;2013;2;46;Selina;27;;;;;;
AT31;2013;2;49;Antonia;26;;;;;;
AT31;2013;2;49;Zoe;26;;;;;;
AT31;2013;2;51;Ella;25;;;;;;
AT31;2013;2;51;Olivia;25;;;;;;
AT31;2013;2;51;Vanessa;25;;;;;;
AT31;2013;2;54;Juliane;24;;;;;;
AT31;2013;2;55;Melissa;23;;;;;;
AT31;2013;2;56;Lejla;22;;;;;;
AT31;2013;2;57;Melina;21;;;;;;
AT31;2013;2;57;Natalie;21;;;;;;
AT31;2013;2;59;Aileen;20;;;;;;
AT31;2013;2;59;Maja;20;;;;;;
AT31;2012;1;1;Lukas;313;;;;;;
AT31;2012;1;2;David;198;;;;;;
AT31;2012;1;3;Tobias;185;;;;;;
AT31;2012;1;4;Alexander;171;;;;;;
AT31;2012;1;5;Jonas;168;;;;;;
AT31;2012;1;6;Simon;163;;;;;;
AT31;2012;1;7;Maximilian;154;;;;;;
AT31;2012;1;7;Paul;154;;;;;;
AT31;2012;1;9;Elias;146;;;;;;
AT31;2012;1;10;Leon;144;;;;;;
AT31;2012;1;11;Jakob;140;;;;;;
AT31;2012;1;12;Felix;136;;;;;;
AT31;2012;1;13;Fabian;126;;;;;;
AT31;2012;1;14;Florian;125;;;;;;
AT31;2012;1;15;Julian;124;;;;;;
AT31;2012;1;16;Raphael;121;;;;;;
AT31;2012;1;16;Sebastian;121;;;;;;
AT31;2012;1;18;Moritz;117;;;;;;
AT31;2012;1;19;Michael;101;;;;;;
AT31;2012;1;20;Niklas;94;;;;;;
AT31;2012;1;21;Matthias;90;;;;;;
AT31;2012;1;22;Lorenz;84;;;;;;
AT31;2012;1;22;Philipp;84;;;;;;
AT31;2012;1;24;Johannes;80;;;;;;
AT31;2012;1;25;Daniel;79;;;;;;
AT31;2012;1;26;Noah;74;;;;;;
AT31;2012;1;27;Dominik;73;;;;;;
AT31;2012;1;28;Nico;72;;;;;;
AT31;2012;1;29;Markus;70;;;;;;
AT31;2012;1;30;Samuel;69;;;;;;
AT31;2012;1;31;Benjamin;62;;;;;;
AT31;2012;1;32;Valentin;60;;;;;;
AT31;2012;1;33;Jan;58;;;;;;
AT31;2012;1;34;Marcel;55;;;;;;
AT31;2012;1;34;Muhammed;55;;;;;;
AT31;2012;1;36;Gabriel;52;;;;;;
AT31;2012;1;37;Leo;51;;;;;;
AT31;2012;1;37;Manuel;51;;;;;;
AT31;2012;1;39;Matteo;50;;;;;;
AT31;2012;1;40;Emil;49;;;;;;
AT31;2012;1;41;Andreas;46;;;;;;
AT31;2012;1;42;Tim;45;;;;;;
AT31;2012;1;43;Leonhard;42;;;;;;
AT31;2012;1;44;Christoph;41;;;;;;
AT31;2012;1;45;Stefan;40;;;;;;
AT31;2012;1;46;Anton;39;;;;;;
AT31;2012;1;46;Thomas;39;;;;;;
AT31;2012;1;48;Ben;36;;;;;;
AT31;2012;1;49;Jonathan;34;;;;;;
AT31;2012;1;49;Timo;34;;;;;;
AT31;2012;1;51;Clemens;31;;;;;;
AT31;2012;1;51;Kilian;31;;;;;;
AT31;2012;1;51;Xaver;31;;;;;;
AT31;2012;1;54;Jannik;29;;;;;;
AT31;2012;1;54;Konstantin;29;;;;;;
AT31;2012;1;56;Christian;28;;;;;;
AT31;2012;1;56;Finn;28;;;;;;
AT31;2012;1;58;Fabio;27;;;;;;
AT31;2012;1;58;Georg;27;;;;;;
AT31;2012;1;58;Josef;27;;;;;;
AT31;2012;1;58;Martin;27;;;;;;
AT31;2012;2;1;Anna;419;;;;;;
AT31;2012;2;2;Sophie;222;;;;;;
AT31;2012;2;3;Maria;204;;;;;;
AT31;2012;2;4;Elena;174;;;;;;
AT31;2012;2;5;Sarah;172;;;;;;
AT31;2012;2;6;Emilia;151;;;;;;
AT31;2012;2;7;Lena;145;;;;;;
AT31;2012;2;8;Julia;122;;;;;;
AT31;2012;2;9;Lea;116;;;;;;
AT31;2012;2;10;Katharina;108;;;;;;
AT31;2012;2;11;Leonie;105;;;;;;
AT31;2012;2;12;Johanna;102;;;;;;
AT31;2012;2;13;Emma;101;;;;;;
AT31;2012;2;13;Mia;101;;;;;;
AT31;2012;2;15;Luisa;99;;;;;;
AT31;2012;2;16;Lara;92;;;;;;
AT31;2012;2;16;Valentina;92;;;;;;
AT31;2012;2;18;Chiara;91;;;;;;
AT31;2012;2;18;Laura;91;;;;;;
AT31;2012;2;20;Magdalena;86;;;;;;
AT31;2012;2;21;Lisa;78;;;;;;
AT31;2012;2;22;Isabella;75;;;;;;
AT31;2012;2;23;Amelie;72;;;;;;
AT31;2012;2;24;Marlene;71;;;;;;
AT31;2012;2;24;Theresa;71;;;;;;
AT31;2012;2;24;Viktoria;71;;;;;;
AT31;2012;2;27;Annika;65;;;;;;
AT31;2012;2;28;Nina;59;;;;;;
AT31;2012;2;29;Eva;56;;;;;;
AT31;2012;2;30;Alina;49;;;;;;
AT31;2012;2;30;Franziska;49;;;;;;
AT31;2012;2;32;Selina;48;;;;;;
AT31;2012;2;33;Caroline;46;;;;;;
AT31;2012;2;33;Jasmin;46;;;;;;
AT31;2012;2;35;Vanessa;42;;;;;;
AT31;2012;2;36;Elisa;41;;;;;;
AT31;2012;2;37;Christina;40;;;;;;
AT31;2012;2;37;Lilly;40;;;;;;
AT31;2012;2;39;Nora;37;;;;;;
AT31;2012;2;40;Lina;35;;;;;;
AT31;2012;2;40;Paula;35;;;;;;
AT31;2012;2;42;Anja;34;;;;;;
AT31;2012;2;43;Amina;31;;;;;;
AT31;2012;2;44;Elisabeth;30;;;;;;
AT31;2012;2;44;Pia;30;;;;;;
AT31;2012;2;46;Melissa;29;;;;;;
AT31;2012;2;46;Stefanie;29;;;;;;
AT31;2012;2;48;Antonia;28;;;;;;
AT31;2012;2;48;Natalie;28;;;;;;
AT31;2012;2;50;Maja;25;;;;;;
AT31;2012;2;51;Ella;24;;;;;;
AT31;2012;2;51;Juliane;24;;;;;;
AT31;2012;2;51;Lejla;24;;;;;;
AT31;2012;2;54;Alexandra;23;;;;;;
AT31;2012;2;54;Celina;23;;;;;;
AT31;2012;2;54;Melanie;23;;;;;;
AT31;2012;2;57;Josefine;22;;;;;;
AT31;2012;2;58;Anna-Lena;21;;;;;;
AT31;2012;2;58;Paulina;21;;;;;;
AT31;2012;2;58;Rosa;21;;;;;;
AT31;2011;1;1;Lukas;261;;;;;;
AT31;2011;1;2;Jonas;185;;;;;;
AT31;2011;1;3;David;184;;;;;;
AT31;2011;1;4;Alexander;178;;;;;;
AT31;2011;1;5;Jakob;172;;;;;;
AT31;2011;1;6;Tobias;155;;;;;;
AT31;2011;1;7;Paul;153;;;;;;
AT31;2011;1;8;Elias;152;;;;;;
AT31;2011;1;9;Fabian;151;;;;;;
AT31;2011;1;10;Maximilian;144;;;;;;
AT31;2011;1;11;Felix;140;;;;;;
AT31;2011;1;11;Sebastian;140;;;;;;
AT31;2011;1;13;Simon;139;;;;;;
AT31;2011;1;14;Niklas;133;;;;;;
AT31;2011;1;15;Florian;131;;;;;;
AT31;2011;1;16;Julian;127;;;;;;
AT31;2011;1;17;Leon;122;;;;;;
AT31;2011;1;18;Moritz;110;;;;;;
AT31;2011;1;19;Michael;109;;;;;;
AT31;2011;1;20;Raphael;107;;;;;;
AT31;2011;1;21;Lorenz;102;;;;;;
AT31;2011;1;22;Philipp;97;;;;;;
AT31;2011;1;23;Samuel;96;;;;;;
AT31;2011;1;24;Matthias;91;;;;;;
AT31;2011;1;25;Nico;86;;;;;;
AT31;2011;1;26;Daniel;83;;;;;;
AT31;2011;1;27;Dominik;73;;;;;;
AT31;2011;1;28;Johannes;72;;;;;;
AT31;2011;1;29;Noah;71;;;;;;
AT31;2011;1;30;Markus;70;;;;;;
AT31;2011;1;31;Andreas;58;;;;;;
AT31;2011;1;31;Valentin;58;;;;;;
AT31;2011;1;33;Gabriel;54;;;;;;
AT31;2011;1;34;Leo;48;;;;;;
AT31;2011;1;35;Benjamin;46;;;;;;
AT31;2011;1;36;Leonhard;45;;;;;;
AT31;2011;1;37;Jan;44;;;;;;
AT31;2011;1;37;Stefan;44;;;;;;
AT31;2011;1;39;Josef;41;;;;;;
AT31;2011;1;39;Manuel;41;;;;;;
AT31;2011;1;39;Muhammed;41;;;;;;
AT31;2011;1;42;Matteo;39;;;;;;
AT31;2011;1;43;Christoph;38;;;;;;
AT31;2011;1;43;Thomas;38;;;;;;
AT31;2011;1;45;Emil;37;;;;;;
AT31;2011;1;45;Tim;37;;;;;;
AT31;2011;1;47;Marcel;36;;;;;;
AT31;2011;1;48;Adrian;35;;;;;;
AT31;2011;1;48;Christian;35;;;;;;
AT31;2011;1;48;Clemens;35;;;;;;
AT31;2011;1;48;Timo;35;;;;;;
AT31;2011;1;52;Ben;33;;;;;;
AT31;2011;1;52;Luis;33;;;;;;
AT31;2011;1;54;Jonathan;32;;;;;;
AT31;2011;1;55;Anton;31;;;;;;
AT31;2011;1;55;Oliver;31;;;;;;
AT31;2011;1;57;Kilian;30;;;;;;
AT31;2011;1;58;Fabio;29;;;;;;
AT31;2011;1;59;Erik;28;;;;;;
AT31;2011;1;60;Peter;27;;;;;;
AT31;2011;2;1;Anna;452;;;;;;
AT31;2011;2;2;Maria;219;;;;;;
AT31;2011;2;3;Sarah;188;;;;;;
AT31;2011;2;4;Sophie;175;;;;;;
AT31;2011;2;5;Elena;170;;;;;;
AT31;2011;2;6;Emilia;151;;;;;;
AT31;2011;2;7;Lena;145;;;;;;
AT31;2011;2;8;Julia;138;;;;;;
AT31;2011;2;9;Leonie;137;;;;;;
AT31;2011;2;10;Johanna;113;;;;;;
AT31;2011;2;11;Emma;111;;;;;;
AT31;2011;2;12;Katharina;104;;;;;;
AT31;2011;2;13;Chiara;97;;;;;;
AT31;2011;2;14;Magdalena;96;;;;;;
AT31;2011;2;15;Laura;93;;;;;;
AT31;2011;2;15;Lea;93;;;;;;
AT31;2011;2;17;Lara;91;;;;;;
AT31;2011;2;18;Lisa;82;;;;;;
AT31;2011;2;19;Valentina;81;;;;;;
AT31;2011;2;20;Amelie;78;;;;;;
AT31;2011;2;21;Mia;73;;;;;;
AT31;2011;2;22;Marlene;69;;;;;;
AT31;2011;2;23;Luisa;66;;;;;;
AT31;2011;2;24;Alina;64;;;;;;
AT31;2011;2;25;Annika;61;;;;;;
AT31;2011;2;26;Isabella;60;;;;;;
AT31;2011;2;27;Nina;53;;;;;;
AT31;2011;2;28;Franziska;49;;;;;;
AT31;2011;2;28;Viktoria;49;;;;;;
AT31;2011;2;30;Theresa;48;;;;;;
AT31;2011;2;31;Pia;47;;;;;;
AT31;2011;2;32;Eva;46;;;;;;
AT31;2011;2;33;Anja;45;;;;;;
AT31;2011;2;33;Vanessa;45;;;;;;
AT31;2011;2;35;Caroline;42;;;;;;
AT31;2011;2;36;Jasmin;40;;;;;;
AT31;2011;2;37;Elisa;38;;;;;;
AT31;2011;2;38;Christina;34;;;;;;
AT31;2011;2;38;Selina;34;;;;;;
AT31;2011;2;40;Valerie;33;;;;;;
AT31;2011;2;41;Lina;32;;;;;;
AT31;2011;2;42;Elisabeth;29;;;;;;
AT31;2011;2;42;Paulina;29;;;;;;
AT31;2011;2;44;Amina;27;;;;;;
AT31;2011;2;44;Lilly;27;;;;;;
AT31;2011;2;44;Paula;27;;;;;;
AT31;2011;2;47;Melissa;26;;;;;;
AT31;2011;2;48;Nora;25;;;;;;
AT31;2011;2;49;Alexandra;24;;;;;;
AT31;2011;2;49;Larissa;24;;;;;;
AT31;2011;2;49;Lejla;24;;;;;;
AT31;2011;2;52;Antonia;23;;;;;;
AT31;2011;2;52;Celina;23;;;;;;
AT31;2011;2;52;Ella;23;;;;;;
AT31;2011;2;55;Michaela;22;;;;;;
AT31;2011;2;55;Zoe;22;;;;;;
AT31;2011;2;57;Anna-Lena;21;;;;;;
AT31;2011;2;58;Alice;20;;;;;;
AT31;2011;2;58;Diana;20;;;;;;
AT31;2011;2;58;Juliane;20;;;;;;
AT31;2011;2;58;Marlies;20;;;;;;
AT31;2011;2;58;Melanie;20;;;;;;
AT31;2010;1;1;Lukas;316;;;;;;
AT31;2010;1;2;Jonas;198;;;;;;
AT31;2010;1;3;Tobias;191;;;;;;
AT31;2010;1;4;David;190;;;;;;
AT31;2010;1;5;Alexander;179;;;;;;
AT31;2010;1;6;Simon;169;;;;;;
AT31;2010;1;7;Maximilian;164;;;;;;
AT31;2010;1;8;Florian;150;;;;;;
AT31;2010;1;8;Jakob;150;;;;;;
AT31;2010;1;10;Niklas;143;;;;;;
AT31;2010;1;11;Paul;142;;;;;;
AT31;2010;1;12;Elias;135;;;;;;
AT31;2010;1;13;Fabian;130;;;;;;
AT31;2010;1;14;Felix;125;;;;;;
AT31;2010;1;15;Leon;120;;;;;;
AT31;2010;1;15;Sebastian;120;;;;;;
AT31;2010;1;17;Julian;109;;;;;;
AT31;2010;1;18;Moritz;108;;;;;;
AT31;2010;1;19;Daniel;101;;;;;;
AT31;2010;1;19;Nico;101;;;;;;
AT31;2010;1;21;Lorenz;95;;;;;;
AT31;2010;1;21;Matthias;95;;;;;;
AT31;2010;1;21;Michael;95;;;;;;
AT31;2010;1;21;Raphael;95;;;;;;
AT31;2010;1;25;Philipp;90;;;;;;
AT31;2010;1;26;Johannes;85;;;;;;
AT31;2010;1;27;Samuel;84;;;;;;
AT31;2010;1;28;Markus;75;;;;;;
AT31;2010;1;29;Dominik;58;;;;;;
AT31;2010;1;30;Valentin;56;;;;;;
AT31;2010;1;31;Manuel;55;;;;;;
AT31;2010;1;32;Benjamin;54;;;;;;
AT31;2010;1;32;Jan;54;;;;;;
AT31;2010;1;34;Gabriel;53;;;;;;
AT31;2010;1;34;Marcel;53;;;;;;
AT31;2010;1;36;Noah;52;;;;;;
AT31;2010;1;37;Andreas;50;;;;;;
AT31;2010;1;38;Leonhard;47;;;;;;
AT31;2010;1;39;Stefan;43;;;;;;
AT31;2010;1;40;Kilian;41;;;;;;
AT31;2010;1;41;Jonathan;39;;;;;;
AT31;2010;1;41;Martin;39;;;;;;
AT31;2010;1;43;Thomas;38;;;;;;
AT31;2010;1;44;Leo;37;;;;;;
AT31;2010;1;45;Jannik;36;;;;;;
AT31;2010;1;46;Christian;35;;;;;;
AT31;2010;1;46;Christoph;35;;;;;;
AT31;2010;1;46;Matteo;35;;;;;;
AT31;2010;1;49;Clemens;34;;;;;;
AT31;2010;1;49;Muhammed;34;;;;;;
AT31;2010;1;51;Tim;33;;;;;;
AT31;2010;1;52;Adrian;31;;;;;;
AT31;2010;1;53;Konstantin;30;;;;;;
AT31;2010;1;54;Emil;29;;;;;;
AT31;2010;1;54;Fabio;29;;;;;;
AT31;2010;1;56;Josef;28;;;;;;
AT31;2010;1;56;Luis;28;;;;;;
AT31;2010;1;58;Timo;27;;;;;;
AT31;2010;1;59;Xaver;26;;;;;;
AT31;2010;1;60;Max;25;;;;;;
AT31;2010;1;60;Vincent;25;;;;;;
AT31;2010;2;1;Anna;445;;;;;;
AT31;2010;2;2;Maria;204;;;;;;
AT31;2010;2;3;Lena;201;;;;;;
AT31;2010;2;4;Sophie;186;;;;;;
AT31;2010;2;5;Sarah;174;;;;;;
AT31;2010;2;6;Emilia;153;;;;;;
AT31;2010;2;7;Elena;149;;;;;;
AT31;2010;2;8;Julia;121;;;;;;
AT31;2010;2;9;Laura;116;;;;;;
AT31;2010;2;10;Lea;115;;;;;;
AT31;2010;2;10;Leonie;115;;;;;;
AT31;2010;2;12;Lisa;107;;;;;;
AT31;2010;2;13;Emma;96;;;;;;
AT31;2010;2;14;Johanna;93;;;;;;
AT31;2010;2;14;Katharina;93;;;;;;
AT31;2010;2;16;Lara;91;;;;;;
AT31;2010;2;17;Magdalena;83;;;;;;
AT31;2010;2;17;Mia;83;;;;;;
AT31;2010;2;19;Marlene;79;;;;;;
AT31;2010;2;19;Viktoria;79;;;;;;
AT31;2010;2;21;Luisa;69;;;;;;
AT31;2010;2;22;Chiara;68;;;;;;
AT31;2010;2;22;Isabella;68;;;;;;
AT31;2010;2;24;Valentina;65;;;;;;
AT31;2010;2;25;Alina;58;;;;;;
AT31;2010;2;26;Amelie;57;;;;;;
AT31;2010;2;26;Annika;57;;;;;;
AT31;2010;2;26;Theresa;57;;;;;;
AT31;2010;2;29;Franziska;53;;;;;;
AT31;2010;2;30;Selina;52;;;;;;
AT31;2010;2;31;Vanessa;51;;;;;;
AT31;2010;2;32;Nina;50;;;;;;
AT31;2010;2;33;Christina;49;;;;;;
AT31;2010;2;34;Eva;48;;;;;;
AT31;2010;2;34;Jasmin;48;;;;;;
AT31;2010;2;36;Pia;47;;;;;;
AT31;2010;2;37;Caroline;43;;;;;;
AT31;2010;2;38;Lilly;42;;;;;;
AT31;2010;2;38;Nora;42;;;;;;
AT31;2010;2;40;Larissa;37;;;;;;
AT31;2010;2;40;Lina;37;;;;;;
AT31;2010;2;40;Maja;37;;;;;;
AT31;2010;2;43;Anja;35;;;;;;
AT31;2010;2;43;Melissa;35;;;;;;
AT31;2010;2;45;Carina;31;;;;;;
AT31;2010;2;46;Elisa;30;;;;;;
AT31;2010;2;47;Michaela;28;;;;;;
AT31;2010;2;48;Antonia;27;;;;;;
AT31;2010;2;48;Celina;27;;;;;;
AT31;2010;2;48;Ella;27;;;;;;
AT31;2010;2;48;Melanie;27;;;;;;
AT31;2010;2;48;Paula;27;;;;;;
AT31;2010;2;53;Alice;26;;;;;;
AT31;2010;2;54;Anna-Lena;25;;;;;;
AT31;2010;2;55;Natalie;24;;;;;;
AT31;2010;2;56;Lejla;23;;;;;;
AT31;2010;2;57;Elisabeth;22;;;;;;
AT31;2010;2;57;Linda;22;;;;;;
AT31;2010;2;57;Paulina;22;;;;;;
AT31;2010;2;57;Ronja;22;;;;;;
